,loss,acc,val_loss,val_acc
0,1.6937007904052734,0.3546502888202667,1.5834242105484009,0.38364362716674805
%%Elapsed Time: 0.79m. 
