,loss,acc,val_loss,val_acc
0,1.715091347694397,0.35161909461021423,1.5912507772445679,0.3896276652812958
%%Elapsed Time: 0.77m. 
