,loss,acc,val_loss,val_acc
0,1.6672505140304565,0.360047310590744,1.5785449743270874,0.3816489279270172
%%Elapsed Time: 1.32m. 
